sequence,segment,text,page,page_width,page_height,fontname,rgb,x0,x1,top,bottom,mcid,mctag,tagstack
O,B-Pied,Règlement,1,612,1008,ABCDEE+Cambria,#000,137,174,974,983,,,
B-Numero,I,1289,1,612,1008,ABCDEE+Cambria,#000,176,194,974,983,,,
O,I,–,1,612,1008,ABCDEE+Cambria,#000,195,199,974,983,,,
O,I,CCE,1,612,1008,ABCDEE+Cambria,#000,201,215,974,983,,,
O,I,(adoption,1,612,1008,ABCDEE+Cambria,#000,216,250,974,983,,,
O,I,–,1,612,1008,ABCDEE+Cambria,#000,252,256,974,983,,,
O,I,20,1,612,1008,ABCDEE+Cambria,#000,258,266,974,983,,,
O,I,avril,1,612,1008,ABCDEE+Cambria,#000,268,284,974,983,,,
O,I,2020),1,612,1008,ABCDEE+Cambria,#000,286,306,974,983,,,
O,I,Page,1,612,1008,ABCDEE+Cambria,#000,489,506,974,983,,,
O,I,1,1,612,1008,ABCDEE+Cambria,#000,507,512,974,983,,,
B-Titre,B-Titre,RÈGLEMENT,1,612,1008,Arial-BoldMT,#000,310,397,60,76,,,
I-Titre,I,1289,1,612,1008,Arial-BoldMT,#000,400,431,60,76,,,
I-Titre,B-Alinea,concernant,1,612,1008,ArialMT,#000,252,307,89,101,,,
I-Titre,I,formation,1,612,1008,ArialMT,#000,310,356,89,101,,,
I-Titre,I,d’un,1,612,1008,ArialMT,#000,359,379,89,101,,,
I-Titre,I,Comité,1,612,1008,Arial-ItalicMT,#000,383,417,89,101,,,
I-Titre,I,consultatif,1,612,1008,Arial-ItalicMT,#000,420,470,89,101,,,
I-Titre,I,en,1,612,1008,Arial-ItalicMT,#000,473,485,89,101,,,
I-Titre,I,environnement,1,612,1008,Arial-ItalicMT,#000,332,405,101,114,,,
O,B-Alinea,Séance,1,612,1008,ArialMT,#000,88,125,144,157,,,
O,I,ordinaire,1,612,1008,ArialMT,#000,129,172,144,157,,,
O,I,du,1,612,1008,ArialMT,#000,175,187,144,157,,,
O,I,conseil,1,612,1008,ArialMT,#000,191,225,144,157,,,
O,I,"municipal,",1,612,1008,ArialMT,#000,229,278,144,157,,,
O,I,tenue,1,612,1008,ArialMT,#000,282,309,144,157,,,
O,I,à,1,612,1008,ArialMT,#000,313,319,144,157,,,
O,I,huis,1,612,1008,ArialMT,#000,323,343,144,157,,,
O,I,clos,1,612,1008,ArialMT,#000,346,366,144,157,,,
O,I,le,1,612,1008,ArialMT,#000,370,378,144,157,,,
O,I,20,1,612,1008,ArialMT,#000,382,394,144,157,,,
O,I,avril,1,612,1008,ArialMT,#000,398,418,144,157,,,
O,I,2020,1,612,1008,ArialMT,#000,421,446,144,157,,,
O,I,à,1,612,1008,ArialMT,#000,449,455,144,157,,,
O,I,19,1,612,1008,ArialMT,#000,459,471,144,157,,,
O,I,"h,",1,612,1008,ArialMT,#000,475,484,144,157,,,
O,I,dans,1,612,1008,ArialMT,#000,488,512,144,157,,,
O,I,la,1,612,1008,ArialMT,#000,88,96,157,169,,,
O,I,salle,1,612,1008,ArialMT,#000,103,126,157,169,,,
O,I,du,1,612,1008,ArialMT,#000,132,145,157,169,,,
O,I,conseil,1,612,1008,ArialMT,#000,151,185,157,169,,,
O,I,municipal,1,612,1008,ArialMT,#000,192,238,157,169,,,
O,I,située,1,612,1008,ArialMT,#000,245,274,157,169,,,
O,I,au,1,612,1008,ArialMT,#000,281,293,157,169,,,
O,I,"1386,",1,612,1008,ArialMT,#000,300,327,157,169,,,
O,I,rue,1,612,1008,ArialMT,#000,334,350,157,169,,,
O,I,"Dumouchel,",1,612,1008,ArialMT,#000,357,415,157,169,,,
O,I,"Sainte-Adèle,",1,612,1008,ArialMT,#000,422,488,157,169,,,
O,I,lieu,1,612,1008,ArialMT,#000,495,512,157,169,,,
O,I,ordinaire,1,612,1008,ArialMT,#000,88,131,170,182,,,
O,I,des,1,612,1008,ArialMT,#000,137,155,170,182,,,
O,I,séances,1,612,1008,ArialMT,#000,161,202,170,182,,,
O,I,à,1,612,1008,ArialMT,#000,208,214,170,182,,,
O,I,laquelle,1,612,1008,ArialMT,#000,220,258,170,182,,,
O,I,sont,1,612,1008,ArialMT,#000,265,285,170,182,,,
O,I,présents,1,612,1008,ArialMT,#000,292,334,170,182,,,
O,I,les,1,612,1008,ArialMT,#000,340,354,170,182,,,
O,I,membres,1,612,1008,ArialMT,#000,360,406,170,182,,,
O,I,du,1,612,1008,ArialMT,#000,412,425,170,182,,,
O,I,conseil,1,612,1008,ArialMT,#000,431,465,170,182,,,
O,I,suivants,1,612,1008,ArialMT,#000,471,511,170,182,,,
O,I,formant,1,612,1008,ArialMT,#000,88,125,182,194,,,
O,I,le,1,612,1008,ArialMT,#000,128,137,182,194,,,
O,I,quorum,1,612,1008,ArialMT,#000,140,177,182,194,,,
O,I,:,1,612,1008,ArialMT,#000,180,183,182,194,,,
O,B-Liste,Monsieur,1,612,1008,ArialMT,#000,88,133,207,220,,,
O,I,Pierre,1,612,1008,ArialMT,#000,136,165,207,220,,,
O,I,Lafond,1,612,1008,ArialMT,#000,168,202,207,220,,,
O,I,Conseiller,1,612,1008,ArialMT,#000,258,306,207,220,,,
O,I,du,1,612,1008,ArialMT,#000,310,322,207,220,,,
O,I,district,1,612,1008,ArialMT,#000,325,357,207,220,,,
O,I,1,1,612,1008,ArialMT,#000,360,366,207,220,,,
O,B-Liste,Monsieur,1,612,1008,ArialMT,#000,88,133,220,232,,,
O,I,Martin,1,612,1008,ArialMT,#000,136,167,220,232,,,
O,I,Jolicoeur,1,612,1008,ArialMT,#000,170,214,220,232,,,
O,I,Conseiller,1,612,1008,ArialMT,#000,258,306,220,232,,,
O,I,du,1,612,1008,ArialMT,#000,310,322,220,232,,,
O,I,district,1,612,1008,ArialMT,#000,325,357,220,232,,,
O,I,4,1,612,1008,ArialMT,#000,360,366,220,232,,,
O,B-Liste,Madame,1,612,1008,ArialMT,#000,88,130,233,245,,,
O,I,Frédérike,1,612,1008,ArialMT,#000,134,180,233,245,,,
O,I,Cavezzali,1,612,1008,ArialMT,#000,183,231,233,245,,,
O,I,Conseillère,1,612,1008,ArialMT,#000,258,313,233,245,,,
O,I,du,1,612,1008,ArialMT,#000,316,328,233,245,,,
O,I,district,1,612,1008,ArialMT,#000,331,363,233,245,,,
O,I,5,1,612,1008,ArialMT,#000,366,372,233,245,,,
O,B-Liste,Madame,1,612,1008,ArialMT,#000,88,130,245,258,,,
O,I,Céline,1,612,1008,ArialMT,#000,134,165,245,258,,,
O,I,Doré,1,612,1008,ArialMT,#000,168,192,245,258,,,
O,I,Conseillère,1,612,1008,ArialMT,#000,258,313,245,258,,,
O,I,du,1,612,1008,ArialMT,#000,316,328,245,258,,,
O,I,district,1,612,1008,ArialMT,#000,331,363,245,258,,,
O,I,6,1,612,1008,ArialMT,#000,366,372,245,258,,,
O,B-Liste,sous,1,612,1008,ArialMT,#000,88,111,271,283,,,
O,I,la,1,612,1008,ArialMT,#000,114,123,271,283,,,
O,I,présidence,1,612,1008,ArialMT,#000,126,180,271,283,,,
O,I,de,1,612,1008,ArialMT,#000,183,195,271,283,,,
O,I,madame,1,612,1008,ArialMT,#000,198,241,271,283,,,
O,I,la,1,612,1008,ArialMT,#000,244,252,271,283,,,
O,I,mairesse,1,612,1008,ArialMT,#000,255,300,271,283,,,
O,I,Nadine,1,612,1008,ArialMT,#000,303,338,271,283,,,
O,I,Brière.,1,612,1008,ArialMT,#000,341,373,271,283,,,
O,B-Alinea,Messieurs,1,612,1008,ArialMT,#000,88,138,296,308,,,
O,I,les,1,612,1008,ArialMT,#000,143,157,296,308,,,
O,I,conseillers,1,612,1008,ArialMT,#000,161,213,296,308,,,
O,I,Roch,1,612,1008,ArialMT,#000,218,244,296,308,,,
O,I,Bédard,1,612,1008,ArialMT,#000,249,284,296,308,,,
O,I,et,1,612,1008,ArialMT,#000,289,298,296,308,,,
O,I,Robert,1,612,1008,ArialMT,#000,303,336,296,308,,,
O,I,Bélisle,1,612,1008,ArialMT,#000,341,373,296,308,,,
O,I,sont,1,612,1008,ArialMT,#000,378,399,296,308,,,
O,I,absents,1,612,1008,ArialMT,#000,404,442,296,308,,,
O,I,pour,1,612,1008,ArialMT,#000,447,469,296,308,,,
O,I,toute,1,612,1008,ArialMT,#000,474,498,296,308,,,
O,I,la,1,612,1008,ArialMT,#000,503,511,296,308,,,
O,I,durée,1,612,1008,ArialMT,#000,88,116,309,321,,,
O,I,de,1,612,1008,ArialMT,#000,119,131,309,321,,,
O,I,la,1,612,1008,ArialMT,#000,134,143,309,321,,,
O,I,séance.,1,612,1008,ArialMT,#000,146,184,309,321,,,
O,B-Alinea,ATTENDU,1,612,1008,ArialMT,#000,88,140,334,346,,,
O,I,QU'un,1,612,1008,ArialMT,#000,143,174,334,346,,,
O,I,avis,1,612,1008,ArialMT,#000,178,197,334,346,,,
O,I,de,1,612,1008,ArialMT,#000,201,213,334,346,,,
O,I,motion,1,612,1008,ArialMT,#000,217,250,334,346,,,
O,I,du,1,612,1008,ArialMT,#000,254,266,334,346,,,
O,I,présent,1,612,1008,ArialMT,#000,270,307,334,346,,,
O,I,règlement,1,612,1008,ArialMT,#000,310,359,334,346,,,
O,I,a,1,612,1008,ArialMT,#000,363,369,334,346,,,
O,I,été,1,612,1008,ArialMT,#000,373,388,334,346,,,
O,I,donné,1,612,1008,ArialMT,#000,392,423,334,346,,,
O,I,lors,1,612,1008,ArialMT,#000,426,444,334,346,,,
O,I,de,1,612,1008,ArialMT,#000,448,460,334,346,,,
O,I,la,1,612,1008,ArialMT,#000,464,472,334,346,,,
O,I,séance,1,612,1008,ArialMT,#000,476,511,334,346,,,
O,I,ordinaire,1,612,1008,ArialMT,#000,88,131,347,359,,,
O,I,du,1,612,1008,ArialMT,#000,134,146,347,359,,,
O,I,16,1,612,1008,ArialMT,#000,149,161,347,359,,,
O,I,mars,1,612,1008,ArialMT,#000,164,189,347,359,,,
O,I,2020,1,612,1008,ArialMT,#000,192,216,347,359,,,
O,I,par,1,612,1008,ArialMT,#000,219,235,347,359,,,
O,I,madame,1,612,1008,ArialMT,#000,238,281,347,359,,,
O,I,la,1,612,1008,ArialMT,#000,284,293,347,359,,,
O,I,conseillère,1,612,1008,ArialMT,#000,296,348,347,359,,,
O,I,Céline,1,612,1008,ArialMT,#000,351,382,347,359,,,
O,I,Doré,1,612,1008,ArialMT,#000,386,409,347,359,,,
O,I,;,1,612,1008,ArialMT,#000,413,416,347,359,,,
O,B-Alinea,ATTENDU,1,612,1008,ArialMT,#000,88,140,372,384,,,
O,I,QUE,1,612,1008,ArialMT,#000,143,167,372,384,,,
O,I,le,1,612,1008,ArialMT,#000,170,179,372,384,,,
O,I,projet,1,612,1008,ArialMT,#000,182,209,372,384,,,
O,I,de,1,612,1008,ArialMT,#000,212,225,372,384,,,
O,I,règlement,1,612,1008,ArialMT,#000,228,277,372,384,,,
O,I,a,1,612,1008,ArialMT,#000,280,286,372,384,,,
O,I,été,1,612,1008,ArialMT,#000,289,305,372,384,,,
O,I,déposé,1,612,1008,ArialMT,#000,308,344,372,384,,,
O,I,et,1,612,1008,ArialMT,#000,347,357,372,384,,,
O,I,présenté,1,612,1008,ArialMT,#000,360,403,372,384,,,
O,I,avec,1,612,1008,ArialMT,#000,406,429,372,384,,,
O,I,l’avis,1,612,1008,ArialMT,#000,432,457,372,384,,,
O,I,de,1,612,1008,ArialMT,#000,460,472,372,384,,,
O,I,motion,1,612,1008,ArialMT,#000,475,508,372,384,,,
O,I,;,1,612,1008,ArialMT,#000,511,514,372,384,,,
O,B-Alinea,ATTENDU,1,612,1008,ArialMT,#000,88,140,397,410,,,
O,I,QU’une,1,612,1008,ArialMT,#000,147,185,397,410,,,
O,I,copie,1,612,1008,ArialMT,#000,192,218,397,410,,,
O,I,du,1,612,1008,ArialMT,#000,226,238,397,410,,,
O,I,règlement,1,612,1008,ArialMT,#000,246,294,397,410,,,
O,I,a,1,612,1008,ArialMT,#000,302,308,397,410,,,
O,I,été,1,612,1008,ArialMT,#000,316,331,397,410,,,
O,I,remise,1,612,1008,ArialMT,#000,338,371,397,410,,,
O,I,aux,1,612,1008,ArialMT,#000,379,397,397,410,,,
O,I,membres,1,612,1008,ArialMT,#000,404,450,397,410,,,
O,I,du,1,612,1008,ArialMT,#000,457,470,397,410,,,
O,I,conseil,1,612,1008,ArialMT,#000,477,511,397,410,,,
O,I,municipal,1,612,1008,ArialMT,#000,88,134,410,422,,,
O,I,3,1,612,1008,ArialMT,#000,137,143,410,422,,,
O,I,jours,1,612,1008,ArialMT,#000,147,170,410,422,,,
O,I,ouvrables,1,612,1008,ArialMT,#000,173,221,410,422,,,
O,I,avant,1,612,1008,ArialMT,#000,224,251,410,422,,,
O,I,la,1,612,1008,ArialMT,#000,254,263,410,422,,,
O,I,présente,1,612,1008,ArialMT,#000,266,309,410,422,,,
O,I,séance,1,612,1008,ArialMT,#000,312,347,410,422,,,
O,I,;,1,612,1008,ArialMT,#000,350,353,410,422,,,
O,B-Alinea,LE,1,612,1008,Arial-BoldMT,#000,88,102,435,447,,,
O,I,CONSEIL,1,612,1008,Arial-BoldMT,#000,108,157,435,447,,,
O,I,MUNICIPAL,1,612,1008,Arial-BoldMT,#000,163,224,435,447,,,
O,I,décrète,1,612,1008,Arial-BoldMT,#000,230,269,435,447,,,
O,I,qu’il,1,612,1008,Arial-BoldMT,#000,275,298,435,447,,,
O,I,soit,1,612,1008,Arial-BoldMT,#000,304,323,435,447,,,
O,I,statué,1,612,1008,Arial-BoldMT,#000,329,362,435,447,,,
O,I,et,1,612,1008,Arial-BoldMT,#000,368,377,435,447,,,
O,I,ordonné,1,612,1008,Arial-BoldMT,#000,383,427,435,447,,,
O,I,par,1,612,1008,Arial-BoldMT,#000,434,451,435,447,,,
O,I,le,1,612,1008,Arial-BoldMT,#000,457,466,435,447,,,
O,I,présent,1,612,1008,Arial-BoldMT,#000,472,511,435,447,,,
O,I,règlement,1,612,1008,Arial-BoldMT,#000,88,140,448,460,,,
O,I,ce,1,612,1008,Arial-BoldMT,#000,144,156,448,460,,,
O,I,qui,1,612,1008,Arial-BoldMT,#000,159,175,448,460,,,
O,I,suit,1,612,1008,Arial-BoldMT,#000,178,198,448,460,,,
O,I,:,1,612,1008,Arial-BoldMT,#000,201,205,448,460,,,
O,B-Article,Article,1,612,1008,Arial-BoldMT,#000,88,122,473,485,,,
O,I,1,1,612,1008,Arial-BoldMT,#000,128,134,473,485,,,
O,I,Formation,1,612,1008,Arial-BoldMT,#000,173,227,473,485,,,
O,I,et,1,612,1008,Arial-BoldMT,#000,230,239,473,485,,,
O,I,nom,1,612,1008,Arial-BoldMT,#000,242,266,473,485,,,
O,B-Alinea,Un,1,612,1008,ArialMT,#000,88,102,498,511,,,
O,I,comité,1,612,1008,ArialMT,#000,106,138,498,511,,,
O,I,est,1,612,1008,ArialMT,#000,142,157,498,511,,,
O,I,"constitué,",1,612,1008,ArialMT,#000,161,208,498,511,,,
O,I,par,1,612,1008,ArialMT,#000,212,228,498,511,,,
O,I,le,1,612,1008,ArialMT,#000,232,241,498,511,,,
O,I,présent,1,612,1008,ArialMT,#000,245,281,498,511,,,
O,I,"règlement,",1,612,1008,ArialMT,#000,285,337,498,511,,,
O,I,sous,1,612,1008,ArialMT,#000,341,365,498,511,,,
O,I,le,1,612,1008,ArialMT,#000,369,377,498,511,,,
O,I,nom,1,612,1008,ArialMT,#000,381,403,498,511,,,
O,I,de,1,612,1008,ArialMT,#000,407,419,498,511,,,
O,I,Comité,1,612,1008,Arial-ItalicMT,#000,423,458,498,511,,,
O,I,consultatif,1,612,1008,Arial-ItalicMT,#000,462,511,498,511,,,
O,I,en,1,612,1008,Arial-ItalicMT,#000,88,100,511,523,,,
O,I,environnement.,1,612,1008,ArialMT,#000,103,179,511,523,,,
O,B-Article,Article,1,612,1008,Arial-BoldMT,#000,88,122,536,549,,,
O,I,2,1,612,1008,Arial-BoldMT,#000,128,134,536,549,,,
O,I,Composition,1,612,1008,Arial-BoldMT,#000,173,240,536,549,,,
O,B-Alinea,Par,1,612,1008,ArialMT,#000,88,105,563,575,,,
O,I,le,1,612,1008,ArialMT,#000,110,118,563,575,,,
O,I,présent,1,612,1008,ArialMT,#000,123,160,563,575,,,
O,I,"règlement,",1,612,1008,ArialMT,#000,164,216,563,575,,,
O,I,le,1,612,1008,ArialMT,#000,221,230,563,575,,,
O,I,conseil,1,612,1008,ArialMT,#000,235,269,563,575,,,
O,I,est,1,612,1008,ArialMT,#000,274,288,563,575,,,
O,I,autorisé,1,612,1008,ArialMT,#000,293,332,563,575,,,
O,I,à,1,612,1008,ArialMT,#000,337,343,563,575,,,
O,I,"nommer,",1,612,1008,ArialMT,#000,348,391,563,575,,,
O,I,par,1,612,1008,ArialMT,#000,396,412,563,575,,,
O,I,"résolution,",1,612,1008,ArialMT,#000,416,467,563,575,,,
O,I,tous,1,612,1008,ArialMT,#000,472,493,563,575,,,
O,I,les,1,612,1008,ArialMT,#000,498,511,563,575,,,
O,I,membres,1,612,1008,ArialMT,#000,88,134,575,588,,,
O,I,du,1,612,1008,ArialMT,#000,137,149,575,588,,,
O,I,comité,1,612,1008,ArialMT,#000,152,184,575,588,,,
O,I,selon,1,612,1008,ArialMT,#000,187,214,575,588,,,
O,I,les,1,612,1008,ArialMT,#000,217,231,575,588,,,
O,I,dispositions,1,612,1008,ArialMT,#000,234,291,575,588,,,
O,I,ci-après,1,612,1008,ArialMT,#000,294,334,575,588,,,
O,I,:,1,612,1008,ArialMT,#000,337,340,575,588,,,
O,B-Liste,,1,612,1008,ArialMT,#000,102,107,601,613,,,
O,I,Un,1,612,1008,ArialMT,#000,116,130,601,613,,,
O,I,membre,1,612,1008,ArialMT,#000,133,174,601,613,,,
O,I,du,1,612,1008,ArialMT,#000,177,189,601,613,,,
O,I,conseil,1,612,1008,ArialMT,#000,192,226,601,613,,,
O,I,municipal,1,612,1008,ArialMT,#000,229,275,601,613,,,
O,I,;,1,612,1008,ArialMT,#000,279,282,601,613,,,
O,B-Liste,,1,612,1008,ArialMT,#000,102,107,614,626,,,
O,I,Un,1,612,1008,ArialMT,#000,116,130,613,626,,,
O,I,nombre,1,612,1008,ArialMT,#000,136,173,613,626,,,
O,I,minimal,1,612,1008,ArialMT,#000,179,217,613,626,,,
O,I,de,1,612,1008,ArialMT,#000,223,236,613,626,,,
O,I,3,1,612,1008,ArialMT,#000,242,248,613,626,,,
O,I,membres,1,612,1008,ArialMT,#000,254,300,613,626,,,
O,I,citoyens,1,612,1008,ArialMT,#000,306,346,613,626,,,
O,I,de,1,612,1008,ArialMT,#000,352,364,613,626,,,
O,I,la,1,612,1008,ArialMT,#000,371,379,613,626,,,
O,I,Ville,1,612,1008,ArialMT,#000,385,406,613,626,,,
O,I,de,1,612,1008,ArialMT,#000,412,424,613,626,,,
O,I,Sainte-Adèle,1,612,1008,ArialMT,#000,430,493,613,626,,,
O,I,ou,1,612,1008,ArialMT,#000,499,512,613,626,,,
O,I,représentant,1,612,1008,ArialMT,#000,116,178,626,638,,,
O,I,d’une,1,612,1008,ArialMT,#000,182,209,626,638,,,
O,I,entreprise,1,612,1008,ArialMT,#000,212,261,626,638,,,
O,I,ayant,1,612,1008,ArialMT,#000,265,292,626,638,,,
O,I,sa,1,612,1008,ArialMT,#000,295,307,626,638,,,
O,I,place,1,612,1008,ArialMT,#000,311,337,626,638,,,
O,I,d’affaires,1,612,1008,ArialMT,#000,341,386,626,638,,,
O,I,sur,1,612,1008,ArialMT,#000,389,404,626,638,,,
O,I,le,1,612,1008,ArialMT,#000,408,417,626,638,,,
O,I,territoire,1,612,1008,ArialMT,#000,420,461,626,638,,,
O,I,de,1,612,1008,ArialMT,#000,464,477,626,638,,,
O,I,la,1,612,1008,ArialMT,#000,480,489,626,638,,,
O,I,ville,1,612,1008,ArialMT,#000,492,511,626,638,,,
O,I,de,1,612,1008,ArialMT,#000,116,128,639,651,,,
O,I,Sainte-Adèle,1,612,1008,ArialMT,#000,131,194,639,651,,,
O,I,;,1,612,1008,ArialMT,#000,197,200,639,651,,,
O,B-Liste,,1,612,1008,ArialMT,#000,102,107,651,664,,,
O,I,Un,1,612,1008,ArialMT,#000,116,130,651,664,,,
O,I,fonctionnaire,1,612,1008,ArialMT,#000,133,197,651,664,,,
O,I,"municipal,",1,612,1008,ArialMT,#000,200,249,651,664,,,
O,I,lequel,1,612,1008,ArialMT,#000,253,282,651,664,,,
O,I,n’a,1,612,1008,ArialMT,#000,286,300,651,664,,,
O,I,pas,1,612,1008,ArialMT,#000,304,321,651,664,,,
O,I,à,1,612,1008,ArialMT,#000,325,331,651,664,,,
O,I,être,1,612,1008,ArialMT,#000,334,353,651,664,,,
O,I,nommé,1,612,1008,ArialMT,#000,357,393,651,664,,,
O,I,par,1,612,1008,ArialMT,#000,397,413,651,664,,,
O,I,"résolution,",1,612,1008,ArialMT,#000,416,467,651,664,,,
O,I,agissant,1,612,1008,ArialMT,#000,470,511,651,664,,,
O,I,à,1,612,1008,ArialMT,#000,116,122,664,676,,,
O,I,la,1,612,1008,ArialMT,#000,125,134,664,676,,,
O,I,fois,1,612,1008,ArialMT,#000,137,154,664,676,,,
O,I,comme,1,612,1008,ArialMT,#000,157,193,664,676,,,
O,I,"membre,",1,612,1008,ArialMT,#000,196,240,664,676,,,
O,I,conseiller,1,612,1008,ArialMT,#000,243,289,664,676,,,
O,I,et,1,612,1008,ArialMT,#000,292,301,664,676,,,
O,I,secrétaire,1,612,1008,ArialMT,#000,304,353,664,676,,,
O,I,;,1,612,1008,ArialMT,#000,356,359,664,676,,,
O,B-Article,Article,1,612,1008,Arial-BoldMT,#000,88,122,689,702,,,
O,I,3,1,612,1008,Arial-BoldMT,#000,128,134,689,702,,,
O,I,Durée,1,612,1008,Arial-BoldMT,#000,173,204,689,702,,,
O,I,du,1,612,1008,Arial-BoldMT,#000,207,221,689,702,,,
O,I,mandat,1,612,1008,Arial-BoldMT,#000,223,263,689,702,,,
O,B-Alinea,Le,1,612,1008,ArialMT,#000,88,100,715,727,,,
O,I,mandat,1,612,1008,ArialMT,#000,104,140,715,727,,,
O,I,des,1,612,1008,ArialMT,#000,144,162,715,727,,,
O,I,membres,1,612,1008,ArialMT,#000,165,211,715,727,,,
O,I,est,1,612,1008,ArialMT,#000,214,229,715,727,,,
O,I,valide,1,612,1008,ArialMT,#000,233,261,715,727,,,
O,I,tant,1,612,1008,ArialMT,#000,265,283,715,727,,,
O,I,et,1,612,1008,ArialMT,#000,287,296,715,727,,,
O,I,aussi,1,612,1008,ArialMT,#000,300,325,715,727,,,
O,I,longtemps,1,612,1008,ArialMT,#000,329,379,715,727,,,
O,I,que,1,612,1008,ArialMT,#000,383,401,715,727,,,
O,I,le,1,612,1008,ArialMT,#000,405,413,715,727,,,
O,I,conseil,1,612,1008,ArialMT,#000,417,451,715,727,,,
O,I,n’en,1,612,1008,ArialMT,#000,455,476,715,727,,,
O,I,décide,1,612,1008,ArialMT,#000,479,512,715,727,,,
O,I,autrement.,1,612,1008,ArialMT,#000,88,140,727,740,,,
O,B-Article,Article,1,612,1008,Arial-BoldMT,#000,88,122,752,765,,,
O,I,4,1,612,1008,Arial-BoldMT,#000,128,134,752,765,,,
O,I,Mandat,1,612,1008,Arial-BoldMT,#000,173,211,752,765,,,
O,I,du,1,612,1008,Arial-BoldMT,#000,214,228,752,765,,,
O,I,comité,1,612,1008,Arial-BoldMT,#000,231,266,752,765,,,
O,B-Alinea,Le,1,612,1008,ArialMT,#000,88,100,778,790,,,
O,I,comité,1,612,1008,ArialMT,#000,103,136,778,790,,,
O,I,doit,1,612,1008,ArialMT,#000,139,156,778,790,,,
O,I,:,1,612,1008,ArialMT,#000,159,162,778,790,,,
O,B-Liste,a),1,612,1008,ArialMT,#000,120,130,803,816,,,
O,I,étudier,1,612,1008,ArialMT,#000,138,172,803,816,,,
O,I,toute,1,612,1008,ArialMT,#000,179,204,803,816,,,
O,I,question,1,612,1008,ArialMT,#000,211,252,803,816,,,
O,I,en,1,612,1008,ArialMT,#000,259,271,803,816,,,
O,I,matière,1,612,1008,ArialMT,#000,278,315,803,816,,,
O,I,environnementale,1,612,1008,ArialMT,#000,322,409,803,816,,,
O,I,que,1,612,1008,ArialMT,#000,416,435,803,816,,,
O,I,lui,1,612,1008,ArialMT,#000,442,453,803,816,,,
O,I,soumet,1,612,1008,ArialMT,#000,460,496,803,816,,,
O,I,le,1,612,1008,ArialMT,#000,503,511,803,816,,,
O,I,conseil,1,612,1008,ArialMT,#000,138,173,816,828,,,
O,I,municipal,1,612,1008,ArialMT,#000,176,223,816,828,,,
O,I,et,1,612,1008,ArialMT,#000,226,235,816,828,,,
O,I,faire,1,612,1008,ArialMT,#000,238,260,816,828,,,
O,I,rapport,1,612,1008,ArialMT,#000,263,298,816,828,,,
O,I,à,1,612,1008,ArialMT,#000,301,307,816,828,,,
O,I,ce,1,612,1008,ArialMT,#000,311,323,816,828,,,
O,I,dernier,1,612,1008,ArialMT,#000,326,360,816,828,,,
O,I,dans,1,612,1008,ArialMT,#000,364,387,816,828,,,
O,I,les,1,612,1008,ArialMT,#000,391,405,816,828,,,
O,I,délais,1,612,1008,ArialMT,#000,408,437,816,828,,,
O,I,fixés,1,612,1008,ArialMT,#000,440,463,816,828,,,
O,I,par,1,612,1008,ArialMT,#000,466,482,816,828,,,
O,I,celui-,1,612,1008,ArialMT,#000,485,511,816,828,,,
O,I,ci,1,612,1008,ArialMT,#000,138,146,829,841,,,
O,I,;,1,612,1008,ArialMT,#000,150,153,829,841,,,
O,B-Liste,b),1,612,1008,ArialMT,#000,120,130,854,866,,,
O,I,participer,1,612,1008,ArialMT,#000,138,184,854,866,,,
O,I,aux,1,612,1008,ArialMT,#000,190,208,854,866,,,
O,I,exercices,1,612,1008,ArialMT,#000,214,260,854,866,,,
O,I,de,1,612,1008,ArialMT,#000,266,278,854,866,,,
O,I,consultation,1,612,1008,ArialMT,#000,284,343,854,866,,,
O,I,publique,1,612,1008,ArialMT,#000,349,391,854,866,,,
O,I,de,1,612,1008,ArialMT,#000,397,409,854,866,,,
O,I,la,1,612,1008,ArialMT,#000,415,424,854,866,,,
O,I,Ville,1,612,1008,ArialMT,#000,430,450,854,866,,,
O,I,en,1,612,1008,ArialMT,#000,456,469,854,866,,,
O,I,matière,1,612,1008,ArialMT,#000,475,511,854,866,,,
O,I,d’environnement,1,612,1008,ArialMT,#000,138,220,866,879,,,
O,I,;,1,612,1008,ArialMT,#000,223,226,866,879,,,
O,B-Liste,c),1,612,1008,ArialMT,#000,120,130,892,904,,,
O,I,étudier,1,612,1008,ArialMT,#000,138,172,892,904,,,
O,I,et,1,612,1008,ArialMT,#000,176,185,892,904,,,
O,I,effectuer,1,612,1008,ArialMT,#000,188,231,892,904,,,
O,I,des,1,612,1008,ArialMT,#000,235,252,892,904,,,
O,I,recommandations,1,612,1008,ArialMT,#000,256,343,892,904,,,
O,I,sur,1,612,1008,ArialMT,#000,347,362,892,904,,,
O,I,les,1,612,1008,ArialMT,#000,365,380,892,904,,,
O,I,projets,1,612,1008,ArialMT,#000,383,416,892,904,,,
O,I,présentés,1,612,1008,ArialMT,#000,419,468,892,904,,,
O,I,en,1,612,1008,ArialMT,#000,471,484,892,904,,,
O,I,vertu,1,612,1008,ArialMT,#000,487,511,892,904,,,
O,I,du,1,612,1008,ArialMT,#000,138,151,904,917,,,
O,I,fond,1,612,1008,ArialMT,#000,154,175,904,917,,,
O,I,municipal,1,612,1008,ArialMT,#000,178,225,904,917,,,
O,I,vert,1,612,1008,ArialMT,#000,228,246,904,917,,,
O,I,;,1,612,1008,ArialMT,#000,249,252,904,917,,,
O,B-Pied,Règlement,2,612,1008,ABCDEE+Cambria,#000,137,174,974,983,,,
B-Numero,I,1289,2,612,1008,ABCDEE+Cambria,#000,176,194,974,983,,,
O,I,–,2,612,1008,ABCDEE+Cambria,#000,195,199,974,983,,,
O,I,CCE,2,612,1008,ABCDEE+Cambria,#000,201,215,974,983,,,
O,I,(adoption,2,612,1008,ABCDEE+Cambria,#000,216,250,974,983,,,
O,I,–,2,612,1008,ABCDEE+Cambria,#000,252,256,974,983,,,
O,I,20,2,612,1008,ABCDEE+Cambria,#000,258,266,974,983,,,
O,I,avril,2,612,1008,ABCDEE+Cambria,#000,268,284,974,983,,,
O,I,2020),2,612,1008,ABCDEE+Cambria,#000,286,306,974,983,,,
O,I,Page,2,612,1008,ABCDEE+Cambria,#000,489,506,974,983,,,
O,I,2,2,612,1008,ABCDEE+Cambria,#000,507,512,974,983,,,
O,B-Article,Article,2,612,1008,Arial-BoldMT,#000,88,122,43,55,,,
O,I,5,2,612,1008,Arial-BoldMT,#000,128,134,43,55,,,
O,I,Tenue,2,612,1008,Arial-BoldMT,#000,173,205,43,55,,,
O,I,des,2,612,1008,Arial-BoldMT,#000,208,227,43,55,,,
O,I,réunions,2,612,1008,Arial-BoldMT,#000,230,277,43,55,,,
O,B-Alinea,Les,2,612,1008,ArialMT,#000,88,106,55,68,,,
O,I,réunions,2,612,1008,ArialMT,#000,111,153,55,68,,,
O,I,sont,2,612,1008,ArialMT,#000,158,179,55,68,,,
O,I,tenues,2,612,1008,ArialMT,#000,184,217,55,68,,,
O,I,au,2,612,1008,ArialMT,#000,222,234,55,68,,,
O,I,"besoin,",2,612,1008,ArialMT,#000,239,275,55,68,,,
O,I,lorsque,2,612,1008,ArialMT,#000,280,316,55,68,,,
O,I,que,2,612,1008,ArialMT,#000,321,339,55,68,,,
O,I,le,2,612,1008,ArialMT,#000,344,353,55,68,,,
O,I,conseil,2,612,1008,ArialMT,#000,358,392,55,68,,,
O,I,mandate,2,612,1008,ArialMT,#000,397,440,55,68,,,
O,I,le,2,612,1008,ArialMT,#000,445,454,55,68,,,
O,I,"comité,",2,612,1008,ArialMT,#000,459,494,55,68,,,
O,I,ou,2,612,1008,ArialMT,#000,499,511,55,68,,,
O,I,lorsqu’un,2,612,1008,ArialMT,#000,88,133,68,80,,,
O,I,dossier,2,612,1008,ArialMT,#000,135,171,68,80,,,
O,I,nécessitant,2,612,1008,ArialMT,#000,174,230,68,80,,,
O,I,une,2,612,1008,ArialMT,#000,233,251,68,80,,,
O,I,recommandation,2,612,1008,ArialMT,#000,254,336,68,80,,,
O,I,le,2,612,1008,ArialMT,#000,339,348,68,80,,,
O,I,requiert.,2,612,1008,ArialMT,#000,351,391,68,80,,,
O,B-Alinea,Un,2,612,1008,ArialMT,#000,88,102,93,106,,,
O,I,membre,2,612,1008,ArialMT,#000,106,146,93,106,,,
O,I,du,2,612,1008,ArialMT,#000,151,163,93,106,,,
O,I,conseil,2,612,1008,ArialMT,#000,167,201,93,106,,,
O,I,doit,2,612,1008,ArialMT,#000,205,223,93,106,,,
O,I,être,2,612,1008,ArialMT,#000,227,246,93,106,,,
O,I,présent,2,612,1008,ArialMT,#000,251,287,93,106,,,
O,I,pour,2,612,1008,ArialMT,#000,291,313,93,106,,,
O,I,la,2,612,1008,ArialMT,#000,318,326,93,106,,,
O,I,tenue,2,612,1008,ArialMT,#000,330,358,93,106,,,
O,I,d’une,2,612,1008,ArialMT,#000,362,389,93,106,,,
O,I,"réunion,",2,612,1008,ArialMT,#000,393,433,93,106,,,
O,I,soit,2,612,1008,ArialMT,#000,437,454,93,106,,,
O,I,le,2,612,1008,ArialMT,#000,458,467,93,106,,,
O,I,membre,2,612,1008,ArialMT,#000,471,511,93,106,,,
O,I,nommé,2,612,1008,ArialMT,#000,88,125,106,118,,,
O,I,ou,2,612,1008,ArialMT,#000,128,140,106,118,,,
O,I,un,2,612,1008,ArialMT,#000,143,155,106,118,,,
O,I,substitut,2,612,1008,ArialMT,#000,158,199,106,118,,,
O,I,qu’il,2,612,1008,ArialMT,#000,202,222,106,118,,,
O,I,délègue.,2,612,1008,ArialMT,#000,225,267,106,118,,,
O,B-Alinea,Toute,2,612,1008,ArialMT,#000,88,116,131,144,,,
O,I,réunion,2,612,1008,ArialMT,#000,119,156,131,144,,,
O,I,spéciale,2,612,1008,ArialMT,#000,159,199,131,144,,,
O,I,peut,2,612,1008,ArialMT,#000,202,224,131,144,,,
O,I,être,2,612,1008,ArialMT,#000,227,246,131,144,,,
O,I,tenue,2,612,1008,ArialMT,#000,249,276,131,144,,,
O,I,à,2,612,1008,ArialMT,#000,279,285,131,144,,,
O,I,la,2,612,1008,ArialMT,#000,288,297,131,144,,,
O,I,demande,2,612,1008,ArialMT,#000,300,346,131,144,,,
O,I,du,2,612,1008,ArialMT,#000,349,361,131,144,,,
O,I,conseil,2,612,1008,ArialMT,#000,364,399,131,144,,,
O,I,municipal.,2,612,1008,ArialMT,#000,402,451,131,144,,,
O,B-Article,Article,2,612,1008,Arial-BoldMT,#000,88,122,156,169,,,
O,I,6,2,612,1008,Arial-BoldMT,#000,128,134,156,169,,,
O,I,Avis,2,612,1008,Arial-BoldMT,#000,173,196,156,169,,,
O,I,de,2,612,1008,Arial-BoldMT,#000,199,212,156,169,,,
O,I,convocation,2,612,1008,Arial-BoldMT,#000,215,280,156,169,,,
O,B-Alinea,Les,2,612,1008,ArialMT,#000,88,106,169,182,,,
O,I,membres,2,612,1008,ArialMT,#000,109,154,169,182,,,
O,I,sont,2,612,1008,ArialMT,#000,158,178,169,182,,,
O,I,convoqués,2,612,1008,ArialMT,#000,181,235,169,182,,,
O,I,par,2,612,1008,ArialMT,#000,238,253,169,182,,,
O,I,un,2,612,1008,ArialMT,#000,257,269,169,182,,,
O,I,avis,2,612,1008,ArialMT,#000,272,291,169,182,,,
O,I,écrit,2,612,1008,ArialMT,#000,294,315,169,182,,,
O,I,par,2,612,1008,ArialMT,#000,318,334,169,182,,,
O,I,courriel.,2,612,1008,ArialMT,#000,337,376,169,182,,,
O,B-Article,Article,2,612,1008,Arial-BoldMT,#000,88,122,194,207,,,
O,I,7,2,612,1008,Arial-BoldMT,#000,128,134,194,207,,,
O,I,Procédure,2,612,1008,Arial-BoldMT,#000,173,227,194,207,,,
O,I,des,2,612,1008,Arial-BoldMT,#000,230,249,194,207,,,
O,I,réunions,2,612,1008,Arial-BoldMT,#000,252,299,194,207,,,
O,B-Liste,a),2,612,1008,ArialMT,#000,88,98,207,220,,,
O,I,Les,2,612,1008,ArialMT,#000,116,134,207,220,,,
O,I,réunions,2,612,1008,ArialMT,#000,137,179,207,220,,,
O,I,du,2,612,1008,ArialMT,#000,182,194,207,220,,,
O,I,comité,2,612,1008,ArialMT,#000,197,230,207,220,,,
O,I,se,2,612,1008,ArialMT,#000,233,244,207,220,,,
O,I,tiennent,2,612,1008,ArialMT,#000,247,287,207,220,,,
O,I,à,2,612,1008,ArialMT,#000,290,296,207,220,,,
O,I,huis,2,612,1008,ArialMT,#000,299,319,207,220,,,
O,I,clos.,2,612,1008,ArialMT,#000,322,345,207,220,,,
O,B-Liste,b),2,612,1008,ArialMT,#000,88,98,220,232,,,
O,I,Le,2,612,1008,ArialMT,#000,116,128,220,232,,,
O,I,membre,2,612,1008,ArialMT,#000,132,172,220,232,,,
O,I,du,2,612,1008,ArialMT,#000,175,188,220,232,,,
O,I,conseil,2,612,1008,ArialMT,#000,191,225,220,232,,,
O,I,est,2,612,1008,ArialMT,#000,229,243,220,232,,,
O,I,le,2,612,1008,ArialMT,#000,247,255,220,232,,,
O,I,président,2,612,1008,ArialMT,#000,258,304,220,232,,,
O,I,du,2,612,1008,ArialMT,#000,307,319,220,232,,,
O,I,comité.,2,612,1008,ArialMT,#000,323,358,220,232,,,
O,I,Le,2,612,1008,ArialMT,#000,361,374,220,232,,,
O,I,mandat,2,612,1008,ArialMT,#000,377,414,220,232,,,
O,I,du,2,612,1008,ArialMT,#000,417,429,220,232,,,
O,I,président,2,612,1008,ArialMT,#000,433,478,220,232,,,
O,I,est,2,612,1008,ArialMT,#000,481,496,220,232,,,
O,I,de,2,612,1008,ArialMT,#000,499,511,220,232,,,
O,I,représenter,2,612,1008,ArialMT,#000,116,172,233,245,,,
O,I,le,2,612,1008,ArialMT,#000,175,184,233,245,,,
O,I,"comité,",2,612,1008,ArialMT,#000,187,223,233,245,,,
O,I,mener,2,612,1008,ArialMT,#000,225,257,233,245,,,
O,I,des,2,612,1008,ArialMT,#000,260,278,233,245,,,
O,I,discussions,2,612,1008,ArialMT,#000,281,337,233,245,,,
O,I,et,2,612,1008,ArialMT,#000,341,350,233,245,,,
O,I,signer,2,612,1008,ArialMT,#000,353,383,233,245,,,
O,I,les,2,612,1008,ArialMT,#000,386,400,233,245,,,
O,I,procès-verbaux,2,612,1008,ArialMT,#000,403,479,233,245,,,
O,I,;,2,612,1008,ArialMT,#000,482,485,233,245,,,
O,B-Liste,c),2,612,1008,ArialMT,#000,88,97,245,257,,,
O,I,Le,2,612,1008,ArialMT,#000,116,128,245,257,,,
O,I,fonctionnaire,2,612,1008,ArialMT,#000,131,194,245,257,,,
O,I,présente,2,612,1008,ArialMT,#000,198,240,245,257,,,
O,I,les,2,612,1008,ArialMT,#000,244,258,245,257,,,
O,I,sujets,2,612,1008,ArialMT,#000,261,290,245,257,,,
O,I,ayant,2,612,1008,ArialMT,#000,293,320,245,257,,,
O,I,justifié,2,612,1008,ArialMT,#000,323,354,245,257,,,
O,I,la,2,612,1008,ArialMT,#000,357,366,245,257,,,
O,I,tenue,2,612,1008,ArialMT,#000,369,396,245,257,,,
O,I,de,2,612,1008,ArialMT,#000,400,412,245,257,,,
O,I,la,2,612,1008,ArialMT,#000,415,424,245,257,,,
O,I,réunion.,2,612,1008,ArialMT,#000,427,466,245,257,,,
O,I,Il,2,612,1008,ArialMT,#000,470,475,245,257,,,
O,I,dresse,2,612,1008,ArialMT,#000,478,511,245,257,,,
O,I,également,2,612,1008,ArialMT,#000,116,167,258,270,,,
O,I,le,2,612,1008,ArialMT,#000,171,179,258,270,,,
O,I,procès-verbal,2,612,1008,ArialMT,#000,182,249,258,270,,,
O,I,de,2,612,1008,ArialMT,#000,252,264,258,270,,,
O,I,la,2,612,1008,ArialMT,#000,267,276,258,270,,,
O,I,réunion.,2,612,1008,ArialMT,#000,279,318,258,270,,,
O,B-Alinea,Le,2,612,1008,ArialMT,#000,88,100,283,295,,,
O,I,procès-verbal,2,612,1008,ArialMT,#000,105,172,283,295,,,
O,I,ainsi,2,612,1008,ArialMT,#000,177,199,283,295,,,
O,I,que,2,612,1008,ArialMT,#000,204,223,283,295,,,
O,I,tout,2,612,1008,ArialMT,#000,228,246,283,295,,,
O,I,autre,2,612,1008,ArialMT,#000,251,276,283,295,,,
O,I,rapport,2,612,1008,ArialMT,#000,281,316,283,295,,,
O,I,ou,2,612,1008,ArialMT,#000,321,333,283,295,,,
O,I,document,2,612,1008,ArialMT,#000,339,387,283,295,,,
O,I,produits,2,612,1008,ArialMT,#000,392,431,283,295,,,
O,I,au,2,612,1008,ArialMT,#000,436,448,283,295,,,
O,I,comité,2,612,1008,ArialMT,#000,453,486,283,295,,,
O,I,sont,2,612,1008,ArialMT,#000,491,511,283,295,,,
O,I,transmis,2,612,1008,ArialMT,#000,88,129,296,308,,,
O,I,au,2,612,1008,ArialMT,#000,132,145,296,308,,,
O,I,conseil,2,612,1008,ArialMT,#000,148,182,296,308,,,
O,I,dans,2,612,1008,ArialMT,#000,185,209,296,308,,,
O,I,les,2,612,1008,ArialMT,#000,212,226,296,308,,,
O,I,meilleurs,2,612,1008,ArialMT,#000,229,273,296,308,,,
O,I,délais,2,612,1008,ArialMT,#000,276,305,296,308,,,
O,I,suivant,2,612,1008,ArialMT,#000,308,343,296,308,,,
O,I,la,2,612,1008,ArialMT,#000,346,354,296,308,,,
O,I,réunion,2,612,1008,ArialMT,#000,357,394,296,308,,,
O,I,du,2,612,1008,ArialMT,#000,397,409,296,308,,,
O,I,comité.,2,612,1008,ArialMT,#000,413,448,296,308,,,
O,B-Article,Article,2,612,1008,Arial-BoldMT,#000,88,122,321,333,,,
O,I,8,2,612,1008,Arial-BoldMT,#000,128,134,321,333,,,
O,I,Conflit,2,612,1008,Arial-BoldMT,#000,173,208,321,333,,,
O,I,d’intérêt,2,612,1008,Arial-BoldMT,#000,211,254,321,333,,,
O,B-Alinea,Dans,2,612,1008,ArialMT,#000,88,113,334,346,,,
O,I,le,2,612,1008,ArialMT,#000,118,126,334,346,,,
O,I,cas,2,612,1008,ArialMT,#000,130,147,334,346,,,
O,I,de,2,612,1008,ArialMT,#000,152,164,334,346,,,
O,I,l’étude,2,612,1008,ArialMT,#000,168,200,334,346,,,
O,I,d’un,2,612,1008,ArialMT,#000,204,225,334,346,,,
O,I,"dossier,",2,612,1008,ArialMT,#000,229,268,334,346,,,
O,I,lorsqu’un,2,612,1008,ArialMT,#000,272,316,334,346,,,
O,I,membre,2,612,1008,ArialMT,#000,320,361,334,346,,,
O,I,du,2,612,1008,ArialMT,#000,365,377,334,346,,,
O,I,comité,2,612,1008,ArialMT,#000,381,414,334,346,,,
O,I,peut,2,612,1008,ArialMT,#000,418,439,334,346,,,
O,I,être,2,612,1008,ArialMT,#000,443,462,334,346,,,
O,I,en,2,612,1008,ArialMT,#000,467,479,334,346,,,
O,I,conflit,2,612,1008,ArialMT,#000,483,511,334,346,,,
O,I,"d’intérêt,",2,612,1008,ArialMT,#000,88,130,346,359,,,
O,I,celui-ci,2,612,1008,ArialMT,#000,133,167,346,359,,,
O,I,doit,2,612,1008,ArialMT,#000,170,188,346,359,,,
O,I,se,2,612,1008,ArialMT,#000,191,203,346,359,,,
O,I,retirer.,2,612,1008,ArialMT,#000,206,238,346,359,,,
O,B-Alinea,Les,2,612,1008,ArialMT,#000,88,106,372,384,,,
O,I,membres,2,612,1008,ArialMT,#000,110,156,372,384,,,
O,I,évitent,2,612,1008,ArialMT,#000,160,192,372,384,,,
O,I,de,2,612,1008,ArialMT,#000,196,208,372,384,,,
O,I,se,2,612,1008,ArialMT,#000,212,224,372,384,,,
O,I,placer,2,612,1008,ArialMT,#000,228,258,372,384,,,
O,I,dans,2,612,1008,ArialMT,#000,262,286,372,384,,,
O,I,des,2,612,1008,ArialMT,#000,290,308,372,384,,,
O,I,situations,2,612,1008,ArialMT,#000,312,358,372,384,,,
O,I,où,2,612,1008,ArialMT,#000,362,375,372,384,,,
O,I,ils,2,612,1008,ArialMT,#000,379,389,372,384,,,
O,I,peuvent,2,612,1008,ArialMT,#000,393,432,372,384,,,
O,I,avoir,2,612,1008,ArialMT,#000,436,460,372,384,,,
O,I,un,2,612,1008,ArialMT,#000,464,477,372,384,,,
O,I,intérêt,2,612,1008,ArialMT,#000,481,511,372,384,,,
O,I,ou,2,612,1008,ArialMT,#000,88,100,384,397,,,
O,I,un,2,612,1008,ArialMT,#000,103,115,384,397,,,
O,I,avantage,2,612,1008,ArialMT,#000,118,164,384,397,,,
O,I,personnel,2,612,1008,ArialMT,#000,167,215,384,397,,,
O,I,ou,2,612,1008,ArialMT,#000,218,230,384,397,,,
O,I,professionnel.,2,612,1008,ArialMT,#000,233,302,384,397,,,
O,B-Alinea,Lorsque,2,612,1008,ArialMT,#000,88,128,410,422,,,
O,I,des,2,612,1008,ArialMT,#000,131,149,410,422,,,
O,I,membres,2,612,1008,ArialMT,#000,152,198,410,422,,,
O,I,désirent,2,612,1008,ArialMT,#000,202,241,410,422,,,
O,I,présenter,2,612,1008,ArialMT,#000,244,291,410,422,,,
O,I,des,2,612,1008,ArialMT,#000,294,312,410,422,,,
O,I,projets,2,612,1008,ArialMT,#000,316,349,410,422,,,
O,I,qui,2,612,1008,ArialMT,#000,352,367,410,422,,,
O,I,peuvent,2,612,1008,ArialMT,#000,371,410,410,422,,,
O,I,les,2,612,1008,ArialMT,#000,413,427,410,422,,,
O,I,mettre,2,612,1008,ArialMT,#000,431,462,410,422,,,
O,I,dans,2,612,1008,ArialMT,#000,466,490,410,422,,,
O,I,une,2,612,1008,ArialMT,#000,493,512,410,422,,,
O,I,situation,2,612,1008,ArialMT,#000,88,129,422,435,,,
O,I,de,2,612,1008,ArialMT,#000,134,146,422,435,,,
O,I,conflit,2,612,1008,ArialMT,#000,150,179,422,435,,,
O,I,"d’intérêt,",2,612,1008,ArialMT,#000,184,226,422,435,,,
O,I,ils,2,612,1008,ArialMT,#000,231,241,422,435,,,
O,I,doivent,2,612,1008,ArialMT,#000,246,281,422,435,,,
O,I,le,2,612,1008,ArialMT,#000,286,295,422,435,,,
O,I,faire,2,612,1008,ArialMT,#000,299,321,422,435,,,
O,I,par,2,612,1008,ArialMT,#000,325,341,422,435,,,
O,I,la,2,612,1008,ArialMT,#000,346,354,422,435,,,
O,I,voie,2,612,1008,ArialMT,#000,359,379,422,435,,,
O,I,administrative,2,612,1008,ArialMT,#000,384,452,422,435,,,
O,I,et,2,612,1008,ArialMT,#000,457,466,422,435,,,
O,I,politique,2,612,1008,ArialMT,#000,470,511,422,435,,,
O,I,conventionnelle,2,612,1008,ArialMT,#000,88,164,435,447,,,
O,I,plutôt,2,612,1008,ArialMT,#000,167,194,435,447,,,
O,I,que,2,612,1008,ArialMT,#000,197,216,435,447,,,
O,I,par,2,612,1008,ArialMT,#000,219,235,435,447,,,
O,I,la,2,612,1008,ArialMT,#000,238,246,435,447,,,
O,I,voie,2,612,1008,ArialMT,#000,249,269,435,447,,,
O,I,du,2,612,1008,ArialMT,#000,272,285,435,447,,,
O,I,comité.,2,612,1008,ArialMT,#000,288,323,435,447,,,
O,B-Article,Article,2,612,1008,Arial-BoldMT,#000,88,122,460,472,,,
O,I,9,2,612,1008,Arial-BoldMT,#000,128,134,460,472,,,
O,I,Confidentialité,2,612,1008,Arial-BoldMT,#000,173,249,460,472,,,
O,I,des,2,612,1008,Arial-BoldMT,#000,252,271,460,472,,,
O,I,dossiers,2,612,1008,Arial-BoldMT,#000,274,320,460,472,,,
O,B-Alinea,Les,2,612,1008,ArialMT,#000,88,106,473,485,,,
O,I,informations,2,612,1008,ArialMT,#000,111,171,473,485,,,
O,I,transmises,2,612,1008,ArialMT,#000,177,230,473,485,,,
O,I,au,2,612,1008,ArialMT,#000,236,248,473,485,,,
O,I,comité,2,612,1008,ArialMT,#000,254,287,473,485,,,
O,I,sont,2,612,1008,ArialMT,#000,293,313,473,485,,,
O,I,confidentielles.,2,612,1008,ArialMT,#000,319,392,473,485,,,
O,I,Dans,2,612,1008,ArialMT,#000,398,424,473,485,,,
O,I,ce,2,612,1008,ArialMT,#000,429,441,473,485,,,
O,I,"contexte,",2,612,1008,ArialMT,#000,447,492,473,485,,,
O,I,les,2,612,1008,ArialMT,#000,498,512,473,485,,,
O,I,"renseignements,",2,612,1008,ArialMT,#000,88,169,486,498,,,
O,I,opinions,2,612,1008,ArialMT,#000,173,214,486,498,,,
O,I,et,2,612,1008,ArialMT,#000,218,227,486,498,,,
O,I,recommandations,2,612,1008,ArialMT,#000,231,318,486,498,,,
O,I,exprimés,2,612,1008,ArialMT,#000,322,367,486,498,,,
O,I,au,2,612,1008,ArialMT,#000,371,383,486,498,,,
O,I,comité,2,612,1008,ArialMT,#000,387,419,486,498,,,
O,I,le,2,612,1008,ArialMT,#000,423,432,486,498,,,
O,I,sont,2,612,1008,ArialMT,#000,436,456,486,498,,,
O,I,également,2,612,1008,ArialMT,#000,460,511,486,498,,,
O,I,et,2,612,1008,ArialMT,#000,88,97,498,510,,,
O,I,ne,2,612,1008,ArialMT,#000,100,112,498,510,,,
O,I,doivent,2,612,1008,ArialMT,#000,115,151,498,510,,,
O,I,en,2,612,1008,ArialMT,#000,154,166,498,510,,,
O,I,aucun,2,612,1008,ArialMT,#000,169,199,498,510,,,
O,I,cas,2,612,1008,ArialMT,#000,202,219,498,510,,,
O,I,être,2,612,1008,ArialMT,#000,222,241,498,510,,,
O,I,rendus,2,612,1008,ArialMT,#000,244,278,498,510,,,
O,I,publiques.,2,612,1008,ArialMT,#000,281,331,498,510,,,
O,B-Article,Article,2,612,1008,Arial-BoldMT,#000,88,122,523,536,,,
O,I,10,2,612,1008,Arial-BoldMT,#000,128,140,523,536,,,
O,I,Abrogation,2,612,1008,Arial-BoldMT,#000,173,231,523,536,,,
O,B-Alinea,Le,2,612,1008,ArialMT,#000,88,100,536,548,,,
O,I,présent,2,612,1008,ArialMT,#000,103,140,536,548,,,
O,I,règlement,2,612,1008,ArialMT,#000,143,192,536,548,,,
O,I,abroge,2,612,1008,ArialMT,#000,195,229,536,548,,,
O,I,le,2,612,1008,ArialMT,#000,232,241,536,548,,,
O,I,règlement,2,612,1008,ArialMT,#000,244,293,536,548,,,
O,I,1140-2010.,2,612,1008,ArialMT,#000,296,351,536,548,,,
O,B-Article,Article,2,612,1008,Arial-BoldMT,#000,88,122,561,574,,,
O,I,11,2,612,1008,Arial-BoldMT,#000,128,140,561,574,,,
O,I,Entrée,2,612,1008,Arial-BoldMT,#000,173,207,561,574,,,
O,I,en,2,612,1008,Arial-BoldMT,#000,210,223,561,574,,,
O,I,vigueur,2,612,1008,Arial-BoldMT,#000,226,266,561,574,,,
O,B-Alinea,Le,2,612,1008,ArialMT,#000,88,100,574,586,,,
O,I,présent,2,612,1008,ArialMT,#000,103,140,574,586,,,
O,I,règlement,2,612,1008,ArialMT,#000,143,192,574,586,,,
O,I,entre,2,612,1008,ArialMT,#000,195,220,574,586,,,
O,I,en,2,612,1008,ArialMT,#000,223,235,574,586,,,
O,I,vigueur,2,612,1008,ArialMT,#000,238,274,574,586,,,
O,I,conformément,2,612,1008,ArialMT,#000,277,348,574,586,,,
O,I,à,2,612,1008,ArialMT,#000,351,357,574,586,,,
O,I,la,2,612,1008,ArialMT,#000,360,368,574,586,,,
O,I,loi.,2,612,1008,ArialMT,#000,371,385,574,586,,,
O,B-Alinea,Avis,2,612,1008,ArialMT,#000,188,209,601,613,,,
O,I,de,2,612,1008,ArialMT,#000,212,224,601,613,,,
O,I,motion,2,612,1008,ArialMT,#000,227,260,601,613,,,
O,I,16,2,612,1008,ArialMT,#000,400,413,601,613,,,
O,I,mars,2,612,1008,ArialMT,#000,416,440,601,613,,,
O,I,2020,2,612,1008,ArialMT,#000,443,468,601,613,,,
O,B-Alinea,Adoption,2,612,1008,ArialMT,#000,202,246,618,630,,,
O,I,20,2,612,1008,ArialMT,#000,403,415,618,630,,,
O,I,avril,2,612,1008,ArialMT,#000,418,438,618,630,,,
O,I,2020,2,612,1008,ArialMT,#000,441,466,618,630,,,
O,I,Entrée,2,612,1008,ArialMT,#000,181,213,635,647,,,
O,I,en,2,612,1008,ArialMT,#000,216,229,635,647,,,
O,I,vigueur,2,612,1008,ArialMT,#000,232,268,635,647,,,
O,I,22,2,612,1008,ArialMT,#000,403,415,635,647,,,
O,I,avril,2,612,1008,ArialMT,#000,418,438,635,647,,,
O,I,2020,2,612,1008,ArialMT,#000,441,466,635,647,,,
O,B-Alinea,Signé,2,612,1008,ArialMT,#000,90,118,664,676,,,
O,I,à,2,612,1008,ArialMT,#000,121,128,664,676,,,
O,I,"Sainte-Adèle,",2,612,1008,ArialMT,#000,131,197,664,676,,,
O,I,ce,2,612,1008,ArialMT,#000,200,211,664,676,,,
O,I,4e,2,612,1008,ArialMT,#000,214,224,663,676,,,
O,I,jour,2,612,1008,ArialMT,#000,227,246,664,676,,,
O,I,du,2,612,1008,ArialMT,#000,249,261,664,676,,,
O,I,mois,2,612,1008,ArialMT,#000,264,287,664,676,,,
O,I,de,2,612,1008,ArialMT,#000,290,303,664,676,,,
O,I,mai,2,612,1008,ArialMT,#000,306,324,664,676,,,
O,I,de,2,612,1008,ArialMT,#000,327,339,664,676,,,
O,I,l’an,2,612,1008,ArialMT,#000,342,359,664,676,,,
O,I,2020.,2,612,1008,ArialMT,#000,362,390,664,676,,,
O,B-Alinea,(s),2,612,1008,ArialMT,#000,88,101,689,701,,,
O,I,Nadine,2,612,1008,ArialMT,#000,104,139,689,701,,,
O,I,Brière,2,612,1008,ArialMT,#000,142,171,689,701,,,
O,I,(s),2,612,1008,ArialMT,#000,293,306,689,701,,,
O,I,Audrey,2,612,1008,ArialMT,#000,309,344,689,701,,,
O,I,Senécal,2,612,1008,ArialMT,#000,347,387,689,701,,,
O,I,__________________________,2,612,1008,ArialMT,#000,88,247,702,714,,,
O,I,___________________________________,2,612,1008,ArialMT,#000,293,507,702,714,,,
O,B-Alinea,Nadine,2,612,1008,ArialMT,#000,88,123,714,727,,,
O,I,Brière,2,612,1008,ArialMT,#000,126,155,714,727,,,
O,I,Me,2,612,1008,ArialMT,#000,293,308,714,727,,,
O,I,Audrey,2,612,1008,ArialMT,#000,311,346,714,727,,,
O,I,Senécal,2,612,1008,ArialMT,#000,349,389,714,727,,,
O,B-Alinea,Mairesse,2,612,1008,ArialMT,#000,88,132,727,739,,,
O,I,Greffière,2,612,1008,ArialMT,#000,293,336,727,739,,,
O,I,par,2,612,1008,ArialMT,#000,339,355,727,739,,,
O,I,intérim,2,612,1008,ArialMT,#000,358,391,727,739,,,
O,O,*********************************************,2,612,1008,ArialMT,#000,203,396,752,765,,,
O,B-Titre,CERTIFICAT,2,612,1008,Arial-BoldMT,#000,226,292,765,777,,,
O,I,D’APPROBATION,2,612,1008,Arial-BoldMT,#000,295,387,765,777,,,
O,B-Titre,RÈGLEMENT,2,612,1008,Arial-BoldMT,#000,258,327,777,790,,,
B-Numero,I,1289,2,612,1008,Arial-BoldMT,#000,330,355,777,790,,,
O,B-Alinea,En,2,612,1008,ArialMT,#000,88,101,803,815,,,
O,I,vertu,2,612,1008,ArialMT,#000,104,129,803,815,,,
O,I,de,2,612,1008,ArialMT,#000,132,144,803,815,,,
O,I,l’article,2,612,1008,ArialMT,#000,147,181,803,815,,,
O,I,357,2,612,1008,ArialMT,#000,184,203,803,815,,,
O,I,de,2,612,1008,ArialMT,#000,206,218,803,815,,,
O,I,la,2,612,1008,ArialMT,#000,221,230,803,815,,,
O,I,Loi,2,612,1008,Arial-ItalicMT,#000,233,247,803,815,,,
O,I,sur,2,612,1008,Arial-ItalicMT,#000,250,266,803,815,,,
O,I,les,2,612,1008,Arial-ItalicMT,#000,269,283,803,815,,,
O,I,cités,2,612,1008,Arial-ItalicMT,#000,286,309,803,815,,,
O,I,et,2,612,1008,Arial-ItalicMT,#000,312,321,803,815,,,
O,I,villes,2,612,1008,Arial-ItalicMT,#000,324,348,803,815,,,
O,I,"(RLRQ,",2,612,1008,ArialMT,#000,351,389,803,815,,,
O,I,c.,2,612,1008,ArialMT,#000,392,400,803,815,,,
O,I,C-19),2,612,1008,Arial-ItalicMT,#000,403,431,803,815,,,
O,I,:,2,612,1008,ArialMT,#000,434,437,803,815,,,
O,B-Alinea,«,2,612,1008,ArialMT,#000,88,94,828,840,,,
B-Titre,I,Règlement,2,612,1008,ArialMT,#000,97,150,828,840,,,
I-Titre,I,1289,2,612,1008,ArialMT,#000,153,178,828,840,,,
I-Titre,I,concernant,2,612,1008,ArialMT,#000,181,235,828,840,,,
I-Titre,I,formation,2,612,1008,ArialMT,#000,238,284,828,840,,,
I-Titre,I,d’un,2,612,1008,ArialMT,#000,287,308,828,840,,,
I-Titre,I,Comité,2,612,1008,Arial-ItalicMT,#000,311,346,828,840,,,
I-Titre,I,consultatif,2,612,1008,Arial-ItalicMT,#000,349,398,828,840,,,
I-Titre,I,en,2,612,1008,Arial-ItalicMT,#000,402,414,828,840,,,
O,I,environnement,2,612,1008,ArialMT,#000,417,490,828,840,,,
O,I,».,2,612,1008,ArialMT,#000,493,502,828,840,,,
O,B-Alinea,Adoption,2,612,1008,ArialMT,#000,202,246,855,867,,,
O,I,20,2,612,1008,ArialMT,#000,396,408,855,867,,,
O,I,avril,2,612,1008,ArialMT,#000,411,431,855,867,,,
O,I,2020,2,612,1008,ArialMT,#000,434,459,855,867,,,
O,B-Alinea,(s),2,612,1008,ArialMT,#000,88,101,884,896,,,
O,I,Nadine,2,612,1008,ArialMT,#000,104,139,884,896,,,
O,I,Brière,2,612,1008,ArialMT,#000,142,171,884,896,,,
O,I,(s),2,612,1008,ArialMT,#000,293,306,884,896,,,
O,I,Audrey,2,612,1008,ArialMT,#000,309,344,884,896,,,
O,I,Senécal,2,612,1008,ArialMT,#000,347,387,884,896,,,
O,O,_________________________,2,612,1008,ArialMT,#000,88,241,896,909,,,
O,O,___________________________________,2,612,1008,ArialMT,#000,293,507,896,909,,,
O,B-Alinea,Nadine,2,612,1008,ArialMT,#000,88,123,909,921,,,
O,I,Brière,2,612,1008,ArialMT,#000,126,155,909,921,,,
O,I,Me,2,612,1008,ArialMT,#000,293,308,909,921,,,
O,I,Audrey,2,612,1008,ArialMT,#000,311,346,909,921,,,
O,I,Senécal,2,612,1008,ArialMT,#000,349,389,909,921,,,
O,I,Mairesse,2,612,1008,ArialMT,#000,88,132,922,934,,,
O,I,Greffière,2,612,1008,ArialMT,#000,293,336,922,934,,,
O,I,par,2,612,1008,ArialMT,#000,339,355,922,934,,,
O,I,intérim,2,612,1008,ArialMT,#000,358,391,922,934,,,
